Number,Address,Memo,Balance,Type
1,1EnD6rjjMkkDKZWN5V2cFBupDuUge4mogr,-,0,-
2,1JpaM6ThCcg2zsfq7TBYo34GcV5V5s6ymx,-,0,-
3,17Jazjuc4yhr9M2vxdsq1WQkBXqCcqm8JS,-,0,-
4,1HLgE59hXwRdZu12NNt4DirSYkJ2UNQxqv,-,0,-
5,1Bc6eVo1HGpbxdBYdDSAs9FBodC9W3HEJP,-,0,-
6,1EsrTsyEAShRoWDeqkod9BeebYxKoyzGve,-,0,-
7,18rogWB4F2E27xwr8kZEWjF6qVKTYuyHSn,-,0,-
8,125S7nyALkyLpZhX1yuuXwfTZRzhW7esMT,-,0,-
9,1PodaPUv6thWRmPV8NMsb6eydd4i2wf3Hp,-,0,-
10,1EFvKLeGTxKDHESXP9s2P27HQ8cVJaR9qy,-,0,-
10,14f31gQkAYUbwHxxuZ6W6vWgQpgiRVxRfX,-,0,-
